panjang badan,-3 SD,-2 SD,-1 SD,Median,+1 SD,+2 SD,+3 SD
45.0,1.9,2.0,2.2,2.4,2.7,3.0,3.3
45.1,1.9,2.0,2.2,2.4,2.7,3.0,3.3
45.2,1.9,2.0,2.2,2.4,2.7,3.0,3.3
45.3,1.9,2.0,2.2,2.4,2.7,3.0,3.3
45.4,1.9,2.0,2.2,2.4,2.7,3.0,3.3
45.5,1.9,2.1,2.3,2.5,2.8,3.1,3.4
45.6,1.9,2.1,2.3,2.5,2.8,3.1,3.4
45.7,1.9,2.1,2.3,2.5,2.8,3.1,3.4
45.8,1.9,2.1,2.3,2.5,2.8,3.1,3.4
45.9,1.9,2.1,2.3,2.5,2.8,3.1,3.4
46.0,2.0,2.2,2.4,2.6,2.9,3.1,3.5
46.1,2.0,2.2,2.4,2.6,2.9,3.1,3.5
46.2,2.0,2.2,2.4,2.6,2.9,3.1,3.5
46.3,2.0,2.2,2.4,2.6,2.9,3.1,3.5
46.4,2.0,2.2,2.4,2.6,2.9,3.1,3.5
46.5,2.1,2.3,2.5,2.7,3.0,3.2,3.6
46.6,2.1,2.3,2.5,2.7,3.0,3.2,3.6
46.7,2.1,2.3,2.5,2.7,3.0,3.2,3.6
46.8,2.1,2.3,2.5,2.7,3.0,3.2,3.6
46.9,2.1,2.3,2.5,2.7,3.0,3.2,3.6
47.0,2.1,2.3,2.5,2.8,3.0,3.3,3.7
47.1,2.1,2.3,2.5,2.8,3.0,3.3,3.7
47.2,2.1,2.3,2.5,2.8,3.0,3.3,3.7
47.3,2.1,2.3,2.5,2.8,3.0,3.3,3.7
47.4,2.1,2.3,2.5,2.8,3.0,3.3,3.7
47.5,2.2,2.4,2.6,2.9,3.1,3.4,3.8
47.6,2.2,2.4,2.6,2.9,3.1,3.4,3.8
47.7,2.2,2.4,2.6,2.9,3.1,3.4,3.8
47.8,2.2,2.4,2.6,2.9,3.1,3.4,3.8
47.9,2.2,2.4,2.6,2.9,3.1,3.4,3.8
48.0,2.3,2.5,2.7,2.9,3.2,3.6,3.9
48.1,2.3,2.5,2.7,2.9,3.2,3.6,3.9
48.2,2.3,2.5,2.7,2.9,3.2,3.6,3.9
48.3,2.3,2.5,2.7,2.9,3.2,3.6,3.9
48.4,2.3,2.5,2.7,2.9,3.2,3.6,3.9
48.5,2.3,2.6,2.8,3.0,3.3,3.7,4.0
48.6,2.3,2.6,2.8,3.0,3.3,3.7,4.0
48.7,2.3,2.6,2.8,3.0,3.3,3.7,4.0
48.8,2.3,2.6,2.8,3.0,3.3,3.7,4.0
48.9,2.3,2.6,2.8,3.0,3.3,3.7,4.0
49.0,2.4,2.6,2.9,3.1,3.4,3.8,4.2
49.1,2.4,2.6,2.9,3.1,3.4,3.8,4.2
49.2,2.4,2.6,2.9,3.1,3.4,3.8,4.2
49.3,2.4,2.6,2.9,3.1,3.4,3.8,4.2
49.4,2.4,2.6,2.9,3.1,3.4,3.8,4.2
49.5,2.5,2.7,3.0,3.2,3.5,3.9,4.3
49.6,2.5,2.7,3.0,3.2,3.5,3.9,4.3
49.7,2.5,2.7,3.0,3.2,3.5,3.9,4.3
49.8,2.5,2.7,3.0,3.2,3.5,3.9,4.3
49.9,2.5,2.7,3.0,3.2,3.5,3.9,4.3
50.0,2.6,2.8,3.0,3.3,3.6,4.0,4.4
50.1,2.6,2.8,3.0,3.3,3.6,4.0,4.4
50.2,2.6,2.8,3.0,3.3,3.6,4.0,4.4
50.3,2.6,2.8,3.0,3.3,3.6,4.0,4.4
50.4,2.6,2.8,3.0,3.3,3.6,4.0,4.4
50.5,2.7,2.9,3.1,3.4,3.8,4.1,4.5
50.6,2.7,2.9,3.1,3.4,3.8,4.1,4.5
50.7,2.7,2.9,3.1,3.4,3.8,4.1,4.5
50.8,2.7,2.9,3.1,3.4,3.8,4.1,4.5
50.9,2.7,2.9,3.1,3.4,3.8,4.1,4.5
51.0,2.7,3.0,3.2,3.5,3.9,4.2,4.7
51.1,2.7,3.0,3.2,3.5,3.9,4.2,4.7
51.2,2.7,3.0,3.2,3.5,3.9,4.2,4.7
51.3,2.7,3.0,3.2,3.5,3.9,4.2,4.7
51.4,2.7,3.0,3.2,3.5,3.9,4.2,4.7
51.5,2.8,3.1,3.3,3.6,4.0,4.4,4.8
51.6,2.8,3.1,3.3,3.6,4.0,4.4,4.8
51.7,2.8,3.1,3.3,3.6,4.0,4.4,4.8
51.8,2.8,3.1,3.3,3.6,4.0,4.4,4.8
51.9,2.8,3.1,3.3,3.6,4.0,4.4,4.8
52.0,2.9,3.2,3.5,3.8,4.1,4.5,5.0
52.1,2.9,3.2,3.5,3.8,4.1,4.5,5.0
52.2,2.9,3.2,3.5,3.8,4.1,4.5,5.0
52.3,2.9,3.2,3.5,3.8,4.1,4.5,5.0
52.4,2.9,3.2,3.5,3.8,4.1,4.5,5.0
52.5,3.0,3.3,3.6,3.9,4.2,4.6,5.1
52.6,3.0,3.3,3.6,3.9,4.2,4.6,5.1
52.7,3.0,3.3,3.6,3.9,4.2,4.6,5.1
52.8,3.0,3.3,3.6,3.9,4.2,4.6,5.1
52.9,3.0,3.3,3.6,3.9,4.2,4.6,5.1
53.0,3.1,3.4,3.7,4.0,4.4,4.8,5.3
53.1,3.1,3.4,3.7,4.0,4.4,4.8,5.3
53.2,3.1,3.4,3.7,4.0,4.4,4.8,5.3
53.3,3.1,3.4,3.7,4.0,4.4,4.8,5.3
53.4,3.1,3.4,3.7,4.0,4.4,4.8,5.3
53.5,3.2,3.5,3.8,4.1,4.5,4.9,5.4
53.6,3.2,3.5,3.8,4.1,4.5,4.9,5.4
53.7,3.2,3.5,3.8,4.1,4.5,4.9,5.4
53.8,3.2,3.5,3.8,4.1,4.5,4.9,5.4
53.9,3.2,3.5,3.8,4.1,4.5,4.9,5.4
54.0,3.3,3.6,3.9,4.3,4.7,5.1,5.6
54.1,3.3,3.6,3.9,4.3,4.7,5.1,5.6
54.2,3.3,3.6,3.9,4.3,4.7,5.1,5.6
54.3,3.3,3.6,3.9,4.3,4.7,5.1,5.6
54.4,3.3,3.6,3.9,4.3,4.7,5.1,5.6
54.5,3.4,3.7,4.0,4.4,4.8,5.3,5.8
54.6,3.4,3.7,4.0,4.4,4.8,5.3,5.8
54.7,3.4,3.7,4.0,4.4,4.8,5.3,5.8
54.8,3.4,3.7,4.0,4.4,4.8,5.3,5.8
54.9,3.4,3.7,4.0,4.4,4.8,5.3,5.8
55.0,3.6,3.8,4.2,4.5,5.0,5.4,6.0
55.1,3.6,3.8,4.2,4.5,5.0,5.4,6.0
55.2,3.6,3.8,4.2,4.5,5.0,5.4,6.0
55.3,3.6,3.8,4.2,4.5,5.0,5.4,6.0
55.4,3.6,3.8,4.2,4.5,5.0,5.4,6.0
55.5,3.7,4.0,4.3,4.7,5.1,5.6,6.1
55.6,3.7,4.0,4.3,4.7,5.1,5.6,6.1
55.7,3.7,4.0,4.3,4.7,5.1,5.6,6.1
55.8,3.7,4.0,4.3,4.7,5.1,5.6,6.1
55.9,3.7,4.0,4.3,4.7,5.1,5.6,6.1
56.0,3.8,4.1,4.4,4.8,5.3,5.8,6.3
56.1,3.8,4.1,4.4,4.8,5.3,5.8,6.3
56.2,3.8,4.1,4.4,4.8,5.3,5.8,6.3
56.3,3.8,4.1,4.4,4.8,5.3,5.8,6.3
56.4,3.8,4.1,4.4,4.8,5.3,5.8,6.3
56.5,3.9,4.2,4.6,5.0,5.4,5.9,6.5
56.6,3.9,4.2,4.6,5.0,5.4,5.9,6.5
56.7,3.9,4.2,4.6,5.0,5.4,5.9,6.5
56.8,3.9,4.2,4.6,5.0,5.4,5.9,6.5
56.9,3.9,4.2,4.6,5.0,5.4,5.9,6.5
57.0,4.0,4.3,4.7,5.1,5.6,6.1,6.7
57.1,4.0,4.3,4.7,5.1,5.6,6.1,6.7
57.2,4.0,4.3,4.7,5.1,5.6,6.1,6.7
57.3,4.0,4.3,4.7,5.1,5.6,6.1,6.7
57.4,4.0,4.3,4.7,5.1,5.6,6.1,6.7
57.5,4.1,4.5,4.9,5.3,5.7,6.3,6.9
57.6,4.1,4.5,4.9,5.3,5.7,6.3,6.9
57.7,4.1,4.5,4.9,5.3,5.7,6.3,6.9
57.8,4.1,4.5,4.9,5.3,5.7,6.3,6.9
57.9,4.1,4.5,4.9,5.3,5.7,6.3,6.9
58.0,4.3,4.6,5.0,5.4,5.9,6.4,7.1
58.1,4.3,4.6,5.0,5.4,5.9,6.4,7.1
58.2,4.3,4.6,5.0,5.4,5.9,6.4,7.1
58.3,4.3,4.6,5.0,5.4,5.9,6.4,7.1
58.4,4.3,4.6,5.0,5.4,5.9,6.4,7.1
58.5,4.4,4.7,5.1,5.6,6.1,6.6,7.2
58.6,4.4,4.7,5.1,5.6,6.1,6.6,7.2
58.7,4.4,4.7,5.1,5.6,6.1,6.6,7.2
58.8,4.4,4.7,5.1,5.6,6.1,6.6,7.2
58.9,4.4,4.7,5.1,5.6,6.1,6.6,7.2
59.0,4.5,4.8,5.3,5.7,6.2,6.8,7.4
59.1,4.5,4.8,5.3,5.7,6.2,6.8,7.4
59.2,4.5,4.8,5.3,5.7,6.2,6.8,7.4
59.3,4.5,4.8,5.3,5.7,6.2,6.8,7.4
59.4,4.5,4.8,5.3,5.7,6.2,6.8,7.4
59.5,4.6,5.0,5.4,5.9,6.4,7.0,7.6
59.6,4.6,5.0,5.4,5.9,6.4,7.0,7.6
59.7,4.6,5.0,5.4,5.9,6.4,7.0,7.6
59.8,4.6,5.0,5.4,5.9,6.4,7.0,7.6
59.9,4.6,5.0,5.4,5.9,6.4,7.0,7.6
60.0,4.7,5.1,5.5,6.0,6.5,7.1,7.8
60.1,4.7,5.1,5.5,6.0,6.5,7.1,7.8
60.2,4.7,5.1,5.5,6.0,6.5,7.1,7.8
60.3,4.7,5.1,5.5,6.0,6.5,7.1,7.8
60.4,4.7,5.1,5.5,6.0,6.5,7.1,7.8
60.5,4.8,5.2,5.6,6.1,6.7,7.3,8.0
60.6,4.8,5.2,5.6,6.1,6.7,7.3,8.0
60.7,4.8,5.2,5.6,6.1,6.7,7.3,8.0
60.8,4.8,5.2,5.6,6.1,6.7,7.3,8.0
60.9,4.8,5.2,5.6,6.1,6.7,7.3,8.0
61.0,4.9,5.3,5.8,6.3,6.8,7.4,8.1
61.1,4.9,5.3,5.8,6.3,6.8,7.4,8.1
61.2,4.9,5.3,5.8,6.3,6.8,7.4,8.1
61.3,4.9,5.3,5.8,6.3,6.8,7.4,8.1
61.4,4.9,5.3,5.8,6.3,6.8,7.4,8.1
61.5,5.0,5.4,5.9,6.4,7.0,7.6,8.3
61.6,5.0,5.4,5.9,6.4,7.0,7.6,8.3
61.7,5.0,5.4,5.9,6.4,7.0,7.6,8.3
61.8,5.0,5.4,5.9,6.4,7.0,7.6,8.3
61.9,5.0,5.4,5.9,6.4,7.0,7.6,8.3
62.0,5.1,5.6,6.0,6.5,7.1,7.7,8.5
62.1,5.1,5.6,6.0,6.5,7.1,7.7,8.5
62.2,5.1,5.6,6.0,6.5,7.1,7.7,8.5
62.3,5.1,5.6,6.0,6.5,7.1,7.7,8.5
62.4,5.1,5.6,6.0,6.5,7.1,7.7,8.5
62.5,5.2,5.7,6.1,6.7,7.2,7.9,8.6
62.6,5.2,5.7,6.1,6.7,7.2,7.9,8.6
62.7,5.2,5.7,6.1,6.7,7.2,7.9,8.6
62.8,5.2,5.7,6.1,6.7,7.2,7.9,8.6
62.9,5.2,5.7,6.1,6.7,7.2,7.9,8.6
63.0,5.3,5.8,6.2,6.8,7.4,8.0,8.8
63.1,5.3,5.8,6.2,6.8,7.4,8.0,8.8
63.2,5.3,5.8,6.2,6.8,7.4,8.0,8.8
63.3,5.3,5.8,6.2,6.8,7.4,8.0,8.8
63.4,5.3,5.8,6.2,6.8,7.4,8.0,8.8
63.5,5.4,5.9,6.4,6.9,7.5,8.2,8.9
63.6,5.4,5.9,6.4,6.9,7.5,8.2,8.9
63.7,5.4,5.9,6.4,6.9,7.5,8.2,8.9
63.8,5.4,5.9,6.4,6.9,7.5,8.2,8.9
63.9,5.4,5.9,6.4,6.9,7.5,8.2,8.9
64.0,5.5,6.0,6.5,7.0,7.6,8.3,9.1
64.1,5.5,6.0,6.5,7.0,7.6,8.3,9.1
64.2,5.5,6.0,6.5,7.0,7.6,8.3,9.1
64.3,5.5,6.0,6.5,7.0,7.6,8.3,9.1
64.4,5.5,6.0,6.5,7.0,7.6,8.3,9.1
64.5,5.6,6.1,6.6,7.1,7.8,8.5,9.3
64.6,5.6,6.1,6.6,7.1,7.8,8.5,9.3
64.7,5.6,6.1,6.6,7.1,7.8,8.5,9.3
64.8,5.6,6.1,6.6,7.1,7.8,8.5,9.3
64.9,5.6,6.1,6.6,7.1,7.8,8.5,9.3
65.0,5.7,6.2,6.7,7.3,7.9,8.6,9.4
65.1,5.7,6.2,6.7,7.3,7.9,8.6,9.4
65.2,5.7,6.2,6.7,7.3,7.9,8.6,9.4
65.3,5.7,6.2,6.7,7.3,7.9,8.6,9.4
65.4,5.7,6.2,6.7,7.3,7.9,8.6,9.4
65.5,5.8,6.3,6.8,7.4,8.0,8.7,9.6
65.6,5.8,6.3,6.8,7.4,8.0,8.7,9.6
65.7,5.8,6.3,6.8,7.4,8.0,8.7,9.6
65.8,5.8,6.3,6.8,7.4,8.0,8.7,9.6
65.9,5.8,6.3,6.8,7.4,8.0,8.7,9.6
66.0,5.9,6.4,6.9,7.5,8.2,8.9,9.7
66.1,5.9,6.4,6.9,7.5,8.2,8.9,9.7
66.2,5.9,6.4,6.9,7.5,8.2,8.9,9.7
66.3,5.9,6.4,6.9,7.5,8.2,8.9,9.7
66.4,5.9,6.4,6.9,7.5,8.2,8.9,9.7
66.5,6.0,6.5,7.0,7.6,8.3,9.0,9.9
66.6,6.0,6.5,7.0,7.6,8.3,9.0,9.9
66.7,6.0,6.5,7.0,7.6,8.3,9.0,9.9
66.8,6.0,6.5,7.0,7.6,8.3,9.0,9.9
66.9,6.0,6.5,7.0,7.6,8.3,9.0,9.9
67.0,6.1,6.6,7.1,7.7,8.4,9.2,10.0
67.1,6.1,6.6,7.1,7.7,8.4,9.2,10.0
67.2,6.1,6.6,7.1,7.7,8.4,9.2,10.0
67.3,6.1,6.6,7.1,7.7,8.4,9.2,10.0
67.4,6.1,6.6,7.1,7.7,8.4,9.2,10.0
67.5,6.2,6.7,7.2,7.9,8.5,9.3,10.2
67.6,6.2,6.7,7.2,7.9,8.5,9.3,10.2
67.7,6.2,6.7,7.2,7.9,8.5,9.3,10.2
67.8,6.2,6.7,7.2,7.9,8.5,9.3,10.2
67.9,6.2,6.7,7.2,7.9,8.5,9.3,10.2
68.0,6.3,6.8,7.3,8.0,8.7,9.4,10.3
68.1,6.3,6.8,7.3,8.0,8.7,9.4,10.3
68.2,6.3,6.8,7.3,8.0,8.7,9.4,10.3
68.3,6.3,6.8,7.3,8.0,8.7,9.4,10.3
68.4,6.3,6.8,7.3,8.0,8.7,9.4,10.3
68.5,6.4,6.9,7.5,8.1,8.8,9.6,10.5
68.6,6.4,6.9,7.5,8.1,8.8,9.6,10.5
68.7,6.4,6.9,7.5,8.1,8.8,9.6,10.5
68.8,6.4,6.9,7.5,8.1,8.8,9.6,10.5
68.9,6.4,6.9,7.5,8.1,8.8,9.6,10.5
69.0,6.5,7.0,7.6,8.2,8.9,9.7,10.6
69.1,6.5,7.0,7.6,8.2,8.9,9.7,10.6
69.2,6.5,7.0,7.6,8.2,8.9,9.7,10.6
69.3,6.5,7.0,7.6,8.2,8.9,9.7,10.6
69.4,6.5,7.0,7.6,8.2,8.9,9.7,10.6
69.5,6.6,7.1,7.7,8.3,9.0,9.8,10.8
69.6,6.6,7.1,7.7,8.3,9.0,9.8,10.8
69.7,6.6,7.1,7.7,8.3,9.0,9.8,10.8
69.8,6.6,7.1,7.7,8.3,9.0,9.8,10.8
69.9,6.6,7.1,7.7,8.3,9.0,9.8,10.8
70.0,6.6,7.2,7.8,8.4,9.2,10.0,10.9
70.1,6.6,7.2,7.8,8.4,9.2,10.0,10.9
70.2,6.6,7.2,7.8,8.4,9.2,10.0,10.9
70.3,6.6,7.2,7.8,8.4,9.2,10.0,10.9
70.4,6.6,7.2,7.8,8.4,9.2,10.0,10.9
70.5,6.7,7.3,7.9,8.5,9.3,10.1,11.1
70.6,6.7,7.3,7.9,8.5,9.3,10.1,11.1
70.7,6.7,7.3,7.9,8.5,9.3,10.1,11.1
70.8,6.7,7.3,7.9,8.5,9.3,10.1,11.1
70.9,6.7,7.3,7.9,8.5,9.3,10.1,11.1
71.0,6.8,7.4,8.0,8.6,9.4,10.2,11.2
71.1,6.8,7.4,8.0,8.6,9.4,10.2,11.2
71.2,6.8,7.4,8.0,8.6,9.4,10.2,11.2
71.3,6.8,7.4,8.0,8.6,9.4,10.2,11.2
71.4,6.8,7.4,8.0,8.6,9.4,10.2,11.2
71.5,6.9,7.5,8.1,8.8,9.5,10.4,11.3
71.6,6.9,7.5,8.1,8.8,9.5,10.4,11.3
71.7,6.9,7.5,8.1,8.8,9.5,10.4,11.3
71.8,6.9,7.5,8.1,8.8,9.5,10.4,11.3
71.9,6.9,7.5,8.1,8.8,9.5,10.4,11.3
72.0,7.0,7.6,8.2,8.9,9.6,10.5,11.5
72.1,7.0,7.6,8.2,8.9,9.6,10.5,11.5
72.2,7.0,7.6,8.2,8.9,9.6,10.5,11.5
72.3,7.0,7.6,8.2,8.9,9.6,10.5,11.5
72.4,7.0,7.6,8.2,8.9,9.6,10.5,11.5
72.5,7.1,7.6,8.3,9.0,9.8,10.6,11.6
72.6,7.1,7.6,8.3,9.0,9.8,10.6,11.6
72.7,7.1,7.6,8.3,9.0,9.8,10.6,11.6
72.8,7.1,7.6,8.3,9.0,9.8,10.6,11.6
72.9,7.1,7.6,8.3,9.0,9.8,10.6,11.6
73.0,7.2,7.7,8.4,9.1,9.9,10.8,11.8
73.1,7.2,7.7,8.4,9.1,9.9,10.8,11.8
73.2,7.2,7.7,8.4,9.1,9.9,10.8,11.8
73.3,7.2,7.7,8.4,9.1,9.9,10.8,11.8
73.4,7.2,7.7,8.4,9.1,9.9,10.8,11.8
73.5,7.2,7.8,8.5,9.2,10.0,10.9,11.9
73.6,7.2,7.8,8.5,9.2,10.0,10.9,11.9
73.7,7.2,7.8,8.5,9.2,10.0,10.9,11.9
73.8,7.2,7.8,8.5,9.2,10.0,10.9,11.9
73.9,7.2,7.8,8.5,9.2,10.0,10.9,11.9
74.0,7.3,7.9,8.6,9.3,10.1,11.0,12.1
74.1,7.3,7.9,8.6,9.3,10.1,11.0,12.1
74.2,7.3,7.9,8.6,9.3,10.1,11.0,12.1
74.3,7.3,7.9,8.6,9.3,10.1,11.0,12.1
74.4,7.3,7.9,8.6,9.3,10.1,11.0,12.1
74.5,7.4,8.0,8.7,9.4,10.2,11.2,12.2
74.6,7.4,8.0,8.7,9.4,10.2,11.2,12.2
74.7,7.4,8.0,8.7,9.4,10.2,11.2,12.2
74.8,7.4,8.0,8.7,9.4,10.2,11.2,12.2
74.9,7.4,8.0,8.7,9.4,10.2,11.2,12.2
75.0,7.5,8.1,8.8,9.5,10.3,11.3,12.3
75.1,7.5,8.1,8.8,9.5,10.3,11.3,12.3
75.2,7.5,8.1,8.8,9.5,10.3,11.3,12.3
75.3,7.5,8.1,8.8,9.5,10.3,11.3,12.3
75.4,7.5,8.1,8.8,9.5,10.3,11.3,12.3
75.5,7.6,8.2,8.8,9.6,10.4,11.4,12.5
75.6,7.6,8.2,8.8,9.6,10.4,11.4,12.5
75.7,7.6,8.2,8.8,9.6,10.4,11.4,12.5
75.8,7.6,8.2,8.8,9.6,10.4,11.4,12.5
75.9,7.6,8.2,8.8,9.6,10.4,11.4,12.5
76.0,7.6,8.3,8.9,9.7,10.6,11.5,12.6
76.1,7.6,8.3,8.9,9.7,10.6,11.5,12.6
76.2,7.6,8.3,8.9,9.7,10.6,11.5,12.6
76.3,7.6,8.3,8.9,9.7,10.6,11.5,12.6
76.4,7.6,8.3,8.9,9.7,10.6,11.5,12.6
76.5,7.7,8.3,9.0,9.8,10.7,11.6,12.7
76.6,7.7,8.3,9.0,9.8,10.7,11.6,12.7
76.7,7.7,8.3,9.0,9.8,10.7,11.6,12.7
76.8,7.7,8.3,9.0,9.8,10.7,11.6,12.7
76.9,7.7,8.3,9.0,9.8,10.7,11.6,12.7
77.0,7.8,8.4,9.1,9.9,10.8,11.7,12.8
77.1,7.8,8.4,9.1,9.9,10.8,11.7,12.8
77.2,7.8,8.4,9.1,9.9,10.8,11.7,12.8
77.3,7.8,8.4,9.1,9.9,10.8,11.7,12.8
77.4,7.8,8.4,9.1,9.9,10.8,11.7,12.8
77.5,7.9,8.5,9.2,10.0,10.9,11.9,13.0
77.6,7.9,8.5,9.2,10.0,10.9,11.9,13.0
77.7,7.9,8.5,9.2,10.0,10.9,11.9,13.0
77.8,7.9,8.5,9.2,10.0,10.9,11.9,13.0
77.9,7.9,8.5,9.2,10.0,10.9,11.9,13.0
78.0,7.9,8.6,9.3,10.1,11.0,12.0,13.1
78.1,7.9,8.6,9.3,10.1,11.0,12.0,13.1
78.2,7.9,8.6,9.3,10.1,11.0,12.0,13.1
78.3,7.9,8.6,9.3,10.1,11.0,12.0,13.1
78.4,7.9,8.6,9.3,10.1,11.0,12.0,13.1
78.5,8.0,8.7,9.4,10.2,11.1,12.1,13.2
78.6,8.0,8.7,9.4,10.2,11.1,12.1,13.2
78.7,8.0,8.7,9.4,10.2,11.1,12.1,13.2
78.8,8.0,8.7,9.4,10.2,11.1,12.1,13.2
78.9,8.0,8.7,9.4,10.2,11.1,12.1,13.2
79.0,8.1,8.7,9.5,10.3,11.2,12.2,13.3
79.1,8.1,8.7,9.5,10.3,11.2,12.2,13.3
79.2,8.1,8.7,9.5,10.3,11.2,12.2,13.3
79.3,8.1,8.7,9.5,10.3,11.2,12.2,13.3
79.4,8.1,8.7,9.5,10.3,11.2,12.2,13.3
79.5,8.2,8.8,9.5,10.4,11.3,12.3,13.4
79.6,8.2,8.8,9.5,10.4,11.3,12.3,13.4
79.7,8.2,8.8,9.5,10.4,11.3,12.3,13.4
79.8,8.2,8.8,9.5,10.4,11.3,12.3,13.4
79.9,8.2,8.8,9.5,10.4,11.3,12.3,13.4
80.0,8.2,8.9,9.6,10.4,11.4,12.4,13.6
80.1,8.2,8.9,9.6,10.4,11.4,12.4,13.6
80.2,8.2,8.9,9.6,10.4,11.4,12.4,13.6
80.3,8.2,8.9,9.6,10.4,11.4,12.4,13.6
80.4,8.2,8.9,9.6,10.4,11.4,12.4,13.6
80.5,8.3,9.0,9.7,10.5,11.5,12.5,13.7
80.6,8.3,9.0,9.7,10.5,11.5,12.5,13.7
80.7,8.3,9.0,9.7,10.5,11.5,12.5,13.7
80.8,8.3,9.0,9.7,10.5,11.5,12.5,13.7
80.9,8.3,9.0,9.7,10.5,11.5,12.5,13.7
81.0,8.4,9.1,9.8,10.6,11.6,12.6,13.8
81.1,8.4,9.1,9.8,10.6,11.6,12.6,13.8
81.2,8.4,9.1,9.8,10.6,11.6,12.6,13.8
81.3,8.4,9.1,9.8,10.6,11.6,12.6,13.8
81.4,8.4,9.1,9.8,10.6,11.6,12.6,13.8
81.5,8.5,9.1,9.9,10.7,11.7,12.7,13.9
81.6,8.5,9.1,9.9,10.7,11.7,12.7,13.9
81.7,8.5,9.1,9.9,10.7,11.7,12.7,13.9
81.8,8.5,9.1,9.9,10.7,11.7,12.7,13.9
81.9,8.5,9.1,9.9,10.7,11.7,12.7,13.9
82.0,8.5,9.2,10.0,10.8,11.8,12.8,14.0
82.1,8.5,9.2,10.0,10.8,11.8,12.8,14.0
82.2,8.5,9.2,10.0,10.8,11.8,12.8,14.0
82.3,8.5,9.2,10.0,10.8,11.8,12.8,14.0
82.4,8.5,9.2,10.0,10.8,11.8,12.8,14.0
82.5,8.6,9.3,10.1,10.9,11.9,13.0,14.2
82.6,8.6,9.3,10.1,10.9,11.9,13.0,14.2
82.7,8.6,9.3,10.1,10.9,11.9,13.0,14.2
82.8,8.6,9.3,10.1,10.9,11.9,13.0,14.2
82.9,8.6,9.3,10.1,10.9,11.9,13.0,14.2
83.0,8.7,9.4,10.2,11.0,12.0,13.1,14.3
83.1,8.7,9.4,10.2,11.0,12.0,13.1,14.3
83.2,8.7,9.4,10.2,11.0,12.0,13.1,14.3
83.3,8.7,9.4,10.2,11.0,12.0,13.1,14.3
83.4,8.7,9.4,10.2,11.0,12.0,13.1,14.3
83.5,8.8,9.5,10.3,11.2,12.1,13.2,14.4
83.6,8.8,9.5,10.3,11.2,12.1,13.2,14.4
83.7,8.8,9.5,10.3,11.2,12.1,13.2,14.4
83.8,8.8,9.5,10.3,11.2,12.1,13.2,14.4
83.9,8.8,9.5,10.3,11.2,12.1,13.2,14.4
84.0,8.9,9.6,10.4,11.3,12.2,13.3,14.6
84.1,8.9,9.6,10.4,11.3,12.2,13.3,14.6
84.2,8.9,9.6,10.4,11.3,12.2,13.3,14.6
84.3,8.9,9.6,10.4,11.3,12.2,13.3,14.6
84.4,8.9,9.6,10.4,11.3,12.2,13.3,14.6
84.5,9.0,9.7,10.5,11.4,12.4,13.5,14.7
84.6,9.0,9.7,10.5,11.4,12.4,13.5,14.7
84.7,9.0,9.7,10.5,11.4,12.4,13.5,14.7
84.8,9.0,9.7,10.5,11.4,12.4,13.5,14.7
84.9,9.0,9.7,10.5,11.4,12.4,13.5,14.7
85.0,9.1,9.8,10.6,11.5,12.5,13.6,14.9
85.1,9.1,9.8,10.6,11.5,12.5,13.6,14.9
85.2,9.1,9.8,10.6,11.5,12.5,13.6,14.9
85.3,9.1,9.8,10.6,11.5,12.5,13.6,14.9
85.4,9.1,9.8,10.6,11.5,12.5,13.6,14.9
85.5,9.2,9.9,10.7,11.6,12.6,13.7,15.0
85.6,9.2,9.9,10.7,11.6,12.6,13.7,15.0
85.7,9.2,9.9,10.7,11.6,12.6,13.7,15.0
85.8,9.2,9.9,10.7,11.6,12.6,13.7,15.0
85.9,9.2,9.9,10.7,11.6,12.6,13.7,15.0
86.0,9.3,10.0,10.8,11.7,12.8,13.9,15.2
86.1,9.3,10.0,10.8,11.7,12.8,13.9,15.2
86.2,9.3,10.0,10.8,11.7,12.8,13.9,15.2
86.3,9.3,10.0,10.8,11.7,12.8,13.9,15.2
86.4,9.3,10.0,10.8,11.7,12.8,13.9,15.2
86.5,9.4,10.1,11.0,11.9,12.9,14.0,15.3
86.6,9.4,10.1,11.0,11.9,12.9,14.0,15.3
86.7,9.4,10.1,11.0,11.9,12.9,14.0,15.3
86.8,9.4,10.1,11.0,11.9,12.9,14.0,15.3
86.9,9.4,10.1,11.0,11.9,12.9,14.0,15.3
87.0,9.5,10.2,11.1,12.0,13.0,14.2,15.5
87.1,9.5,10.2,11.1,12.0,13.0,14.2,15.5
87.2,9.5,10.2,11.1,12.0,13.0,14.2,15.5
87.3,9.5,10.2,11.1,12.0,13.0,14.2,15.5
87.4,9.5,10.2,11.1,12.0,13.0,14.2,15.5
87.5,9.6,10.4,11.2,12.1,13.2,14.3,15.6
87.6,9.6,10.4,11.2,12.1,13.2,14.3,15.6
87.7,9.6,10.4,11.2,12.1,13.2,14.3,15.6
87.8,9.6,10.4,11.2,12.1,13.2,14.3,15.6
87.9,9.6,10.4,11.2,12.1,13.2,14.3,15.6
88.0,9.7,10.5,11.3,12.2,13.3,14.5,15.8
88.1,9.7,10.5,11.3,12.2,13.3,14.5,15.8
88.2,9.7,10.5,11.3,12.2,13.3,14.5,15.8
88.3,9.7,10.5,11.3,12.2,13.3,14.5,15.8
88.4,9.7,10.5,11.3,12.2,13.3,14.5,15.8
88.5,9.8,10.6,11.4,12.4,13.4,14.6,15.9
88.6,9.8,10.6,11.4,12.4,13.4,14.6,15.9
88.7,9.8,10.6,11.4,12.4,13.4,14.6,15.9
88.8,9.8,10.6,11.4,12.4,13.4,14.6,15.9
88.9,9.8,10.6,11.4,12.4,13.4,14.6,15.9
89.0,9.9,10.7,11.5,12.5,13.5,14.7,16.1
89.1,9.9,10.7,11.5,12.5,13.5,14.7,16.1
89.2,9.9,10.7,11.5,12.5,13.5,14.7,16.1
89.3,9.9,10.7,11.5,12.5,13.5,14.7,16.1
89.4,9.9,10.7,11.5,12.5,13.5,14.7,16.1
89.5,10.0,10.8,11.6,12.6,13.7,14.9,16.2
89.6,10.0,10.8,11.6,12.6,13.7,14.9,16.2
89.7,10.0,10.8,11.6,12.6,13.7,14.9,16.2
89.8,10.0,10.8,11.6,12.6,13.7,14.9,16.2
89.9,10.0,10.8,11.6,12.6,13.7,14.9,16.2
90.0,10.1,10.9,11.8,12.7,13.8,15.0,16.4
90.1,10.1,10.9,11.8,12.7,13.8,15.0,16.4
90.2,10.1,10.9,11.8,12.7,13.8,15.0,16.4
90.3,10.1,10.9,11.8,12.7,13.8,15.0,16.4
90.4,10.1,10.9,11.8,12.7,13.8,15.0,16.4
90.5,10.2,11.0,11.9,12.8,13.9,15.1,16.5
90.6,10.2,11.0,11.9,12.8,13.9,15.1,16.5
90.7,10.2,11.0,11.9,12.8,13.9,15.1,16.5
90.8,10.2,11.0,11.9,12.8,13.9,15.1,16.5
90.9,10.2,11.0,11.9,12.8,13.9,15.1,16.5
91.0,10.3,11.1,12.0,13.0,14.1,15.3,16.7
91.1,10.3,11.1,12.0,13.0,14.1,15.3,16.7
91.2,10.3,11.1,12.0,13.0,14.1,15.3,16.7
91.3,10.3,11.1,12.0,13.0,14.1,15.3,16.7
91.4,10.3,11.1,12.0,13.0,14.1,15.3,16.7
91.5,10.4,11.2,12.1,13.1,14.2,15.4,16.8
91.6,10.4,11.2,12.1,13.1,14.2,15.4,16.8
91.7,10.4,11.2,12.1,13.1,14.2,15.4,16.8
91.8,10.4,11.2,12.1,13.1,14.2,15.4,16.8
91.9,10.4,11.2,12.1,13.1,14.2,15.4,16.8
92.0,10.5,11.3,12.2,13.2,14.3,15.6,17.0
92.1,10.5,11.3,12.2,13.2,14.3,15.6,17.0
92.2,10.5,11.3,12.2,13.2,14.3,15.6,17.0
92.3,10.5,11.3,12.2,13.2,14.3,15.6,17.0
92.4,10.5,11.3,12.2,13.2,14.3,15.6,17.0
92.5,10.6,11.4,12.3,13.3,14.4,15.7,17.1
92.6,10.6,11.4,12.3,13.3,14.4,15.7,17.1
92.7,10.6,11.4,12.3,13.3,14.4,15.7,17.1
92.8,10.6,11.4,12.3,13.3,14.4,15.7,17.1
92.9,10.6,11.4,12.3,13.3,14.4,15.7,17.1
93.0,10.7,11.5,12.4,13.4,14.6,15.8,17.3
93.1,10.7,11.5,12.4,13.4,14.6,15.8,17.3
93.2,10.7,11.5,12.4,13.4,14.6,15.8,17.3
93.3,10.7,11.5,12.4,13.4,14.6,15.8,17.3
93.4,10.7,11.5,12.4,13.4,14.6,15.8,17.3
93.5,10.7,11.6,12.5,13.5,14.7,16.0,17.4
93.6,10.7,11.6,12.5,13.5,14.7,16.0,17.4
93.7,10.7,11.6,12.5,13.5,14.7,16.0,17.4
93.8,10.7,11.6,12.5,13.5,14.7,16.0,17.4
93.9,10.7,11.6,12.5,13.5,14.7,16.0,17.4
94.0,10.8,11.7,12.6,13.7,14.8,16.1,17.6
94.1,10.8,11.7,12.6,13.7,14.8,16.1,17.6
94.2,10.8,11.7,12.6,13.7,14.8,16.1,17.6
94.3,10.8,11.7,12.6,13.7,14.8,16.1,17.6
94.4,10.8,11.7,12.6,13.7,14.8,16.1,17.6
94.5,10.9,11.8,12.7,13.8,14.9,16.3,17.7
94.6,10.9,11.8,12.7,13.8,14.9,16.3,17.7
94.7,10.9,11.8,12.7,13.8,14.9,16.3,17.7
94.8,10.9,11.8,12.7,13.8,14.9,16.3,17.7
94.9,10.9,11.8,12.7,13.8,14.9,16.3,17.7
95.0,11.0,11.9,12.8,13.9,15.1,16.4,17.9
95.1,11.0,11.9,12.8,13.9,15.1,16.4,17.9
95.2,11.0,11.9,12.8,13.9,15.1,16.4,17.9
95.3,11.0,11.9,12.8,13.9,15.1,16.4,17.9
95.4,11.0,11.9,12.8,13.9,15.1,16.4,17.9
95.5,11.1,12.0,12.9,14.0,15.2,16.5,18.0
95.6,11.1,12.0,12.9,14.0,15.2,16.5,18.0
95.7,11.1,12.0,12.9,14.0,15.2,16.5,18.0
95.8,11.1,12.0,12.9,14.0,15.2,16.5,18.0
95.9,11.1,12.0,12.9,14.0,15.2,16.5,18.0
96.0,11.2,12.1,13.1,14.1,15.3,16.7,18.2
96.1,11.2,12.1,13.1,14.1,15.3,16.7,18.2
96.2,11.2,12.1,13.1,14.1,15.3,16.7,18.2
96.3,11.2,12.1,13.1,14.1,15.3,16.7,18.2
96.4,11.2,12.1,13.1,14.1,15.3,16.7,18.2
96.5,11.3,12.2,13.2,14.3,15.5,16.8,18.4
96.6,11.3,12.2,13.2,14.3,15.5,16.8,18.4
96.7,11.3,12.2,13.2,14.3,15.5,16.8,18.4
96.8,11.3,12.2,13.2,14.3,15.5,16.8,18.4
96.9,11.3,12.2,13.2,14.3,15.5,16.8,18.4
97.0,11.4,12.3,13.3,14.4,15.6,17.0,18.5
97.1,11.4,12.3,13.3,14.4,15.6,17.0,18.5
97.2,11.4,12.3,13.3,14.4,15.6,17.0,18.5
97.3,11.4,12.3,13.3,14.4,15.6,17.0,18.5
97.4,11.4,12.3,13.3,14.4,15.6,17.0,18.5
97.5,11.5,12.4,13.4,14.5,15.7,17.1,18.7
97.6,11.5,12.4,13.4,14.5,15.7,17.1,18.7
97.7,11.5,12.4,13.4,14.5,15.7,17.1,18.7
97.8,11.5,12.4,13.4,14.5,15.7,17.1,18.7
97.9,11.5,12.4,13.4,14.5,15.7,17.1,18.7
98.0,11.6,12.5,13.5,14.6,15.9,17.3,18.9
98.1,11.6,12.5,13.5,14.6,15.9,17.3,18.9
98.2,11.6,12.5,13.5,14.6,15.9,17.3,18.9
98.3,11.6,12.5,13.5,14.6,15.9,17.3,18.9
98.4,11.6,12.5,13.5,14.6,15.9,17.3,18.9
98.5,11.7,12.6,13.6,14.8,16.0,17.5,19.1
98.6,11.7,12.6,13.6,14.8,16.0,17.5,19.1
98.7,11.7,12.6,13.6,14.8,16.0,17.5,19.1
98.8,11.7,12.6,13.6,14.8,16.0,17.5,19.1
98.9,11.7,12.6,13.6,14.8,16.0,17.5,19.1
99.0,11.8,12.7,13.7,14.9,16.2,17.6,19.2
99.1,11.8,12.7,13.7,14.9,16.2,17.6,19.2
99.2,11.8,12.7,13.7,14.9,16.2,17.6,19.2
99.3,11.8,12.7,13.7,14.9,16.2,17.6,19.2
99.4,11.8,12.7,13.7,14.9,16.2,17.6,19.2
99.5,11.9,12.8,13.9,15.0,16.3,17.8,19.4
99.6,11.9,12.8,13.9,15.0,16.3,17.8,19.4
99.7,11.9,12.8,13.9,15.0,16.3,17.8,19.4
99.8,11.9,12.8,13.9,15.0,16.3,17.8,19.4
99.9,11.9,12.8,13.9,15.0,16.3,17.8,19.4
100.0,12.0,12.9,14.0,15.2,16.5,18.0,19.6
100.1,12.0,12.9,14.0,15.2,16.5,18.0,19.6
100.2,12.0,12.9,14.0,15.2,16.5,18.0,19.6
100.3,12.0,12.9,14.0,15.2,16.5,18.0,19.6
100.4,12.0,12.9,14.0,15.2,16.5,18.0,19.6
100.5,12.1,13.0,14.1,15.3,16.6,18.1,19.8
100.6,12.1,13.0,14.1,15.3,16.6,18.1,19.8
100.7,12.1,13.0,14.1,15.3,16.6,18.1,19.8
100.8,12.1,13.0,14.1,15.3,16.6,18.1,19.8
100.9,12.1,13.0,14.1,15.3,16.6,18.1,19.8
101.0,12.2,13.2,14.2,15.4,16.8,18.3,20.0
101.1,12.2,13.2,14.2,15.4,16.8,18.3,20.0
101.2,12.2,13.2,14.2,15.4,16.8,18.3,20.0
101.3,12.2,13.2,14.2,15.4,16.8,18.3,20.0
101.4,12.2,13.2,14.2,15.4,16.8,18.3,20.0
101.5,12.3,13.3,14.4,15.6,16.9,18.5,20.2
101.6,12.3,13.3,14.4,15.6,16.9,18.5,20.2
101.7,12.3,13.3,14.4,15.6,16.9,18.5,20.2
101.8,12.3,13.3,14.4,15.6,16.9,18.5,20.2
101.9,12.3,13.3,14.4,15.6,16.9,18.5,20.2
102.0,12.4,13.4,14.5,15.7,17.1,18.7,20.4
102.1,12.4,13.4,14.5,15.7,17.1,18.7,20.4
102.2,12.4,13.4,14.5,15.7,17.1,18.7,20.4
102.3,12.4,13.4,14.5,15.7,17.1,18.7,20.4
102.4,12.4,13.4,14.5,15.7,17.1,18.7,20.4
102.5,12.5,13.5,14.6,15.9,17.3,18.8,20.6
102.6,12.5,13.5,14.6,15.9,17.3,18.8,20.6
102.7,12.5,13.5,14.6,15.9,17.3,18.8,20.6
102.8,12.5,13.5,14.6,15.9,17.3,18.8,20.6
102.9,12.5,13.5,14.6,15.9,17.3,18.8,20.6
103.0,12.6,13.6,14.8,16.0,17.4,19.0,20.8
103.1,12.6,13.6,14.8,16.0,17.4,19.0,20.8
103.2,12.6,13.6,14.8,16.0,17.4,19.0,20.8
103.3,12.6,13.6,14.8,16.0,17.4,19.0,20.8
103.4,12.6,13.6,14.8,16.0,17.4,19.0,20.8
103.5,12.7,13.7,14.9,16.2,17.6,19.2,21.0
103.6,12.7,13.7,14.9,16.2,17.6,19.2,21.0
103.7,12.7,13.7,14.9,16.2,17.6,19.2,21.0
103.8,12.7,13.7,14.9,16.2,17.6,19.2,21.0
103.9,12.7,13.7,14.9,16.2,17.6,19.2,21.0
104.0,12.8,13.9,15.0,16.3,17.8,19.4,21.2
104.1,12.8,13.9,15.0,16.3,17.8,19.4,21.2
104.2,12.8,13.9,15.0,16.3,17.8,19.4,21.2
104.3,12.8,13.9,15.0,16.3,17.8,19.4,21.2
104.4,12.8,13.9,15.0,16.3,17.8,19.4,21.2
104.5,12.9,14.0,15.2,16.5,17.9,19.6,21.5
104.6,12.9,14.0,15.2,16.5,17.9,19.6,21.5
104.7,12.9,14.0,15.2,16.5,17.9,19.6,21.5
104.8,12.9,14.0,15.2,16.5,17.9,19.6,21.5
104.9,12.9,14.0,15.2,16.5,17.9,19.6,21.5
105.0,13.0,14.1,15.3,16.6,18.1,19.8,21.7
105.1,13.0,14.1,15.3,16.6,18.1,19.8,21.7
105.2,13.0,14.1,15.3,16.6,18.1,19.8,21.7
105.3,13.0,14.1,15.3,16.6,18.1,19.8,21.7
105.4,13.0,14.1,15.3,16.6,18.1,19.8,21.7
105.5,13.2,14.2,15.4,16.8,18.3,20.0,21.9
105.6,13.2,14.2,15.4,16.8,18.3,20.0,21.9
105.7,13.2,14.2,15.4,16.8,18.3,20.0,21.9
105.8,13.2,14.2,15.4,16.8,18.3,20.0,21.9
105.9,13.2,14.2,15.4,16.8,18.3,20.0,21.9
106.0,13.3,14.4,15.6,16.9,18.5,20.2,22.1
106.1,13.3,14.4,15.6,16.9,18.5,20.2,22.1
106.2,13.3,14.4,15.6,16.9,18.5,20.2,22.1
106.3,13.3,14.4,15.6,16.9,18.5,20.2,22.1
106.4,13.3,14.4,15.6,16.9,18.5,20.2,22.1
106.5,13.4,14.5,15.7,17.1,18.6,20.4,22.4
106.6,13.4,14.5,15.7,17.1,18.6,20.4,22.4
106.7,13.4,14.5,15.7,17.1,18.6,20.4,22.4
106.8,13.4,14.5,15.7,17.1,18.6,20.4,22.4
106.9,13.4,14.5,15.7,17.1,18.6,20.4,22.4
107.0,13.5,14.6,15.9,17.3,18.8,20.6,22.6
107.1,13.5,14.6,15.9,17.3,18.8,20.6,22.6
107.2,13.5,14.6,15.9,17.3,18.8,20.6,22.6
107.3,13.5,14.6,15.9,17.3,18.8,20.6,22.6
107.4,13.5,14.6,15.9,17.3,18.8,20.6,22.6
107.5,13.6,14.7,16.0,17.4,19.0,20.8,22.8
107.6,13.6,14.7,16.0,17.4,19.0,20.8,22.8
107.7,13.6,14.7,16.0,17.4,19.0,20.8,22.8
107.8,13.6,14.7,16.0,17.4,19.0,20.8,22.8
107.9,13.6,14.7,16.0,17.4,19.0,20.8,22.8
108.0,13.7,14.9,16.2,17.6,19.2,21.0,23.1
108.1,13.7,14.9,16.2,17.6,19.2,21.0,23.1
108.2,13.7,14.9,16.2,17.6,19.2,21.0,23.1
108.3,13.7,14.9,16.2,17.6,19.2,21.0,23.1
108.4,13.7,14.9,16.2,17.6,19.2,21.0,23.1
108.5,13.8,15.0,16.3,17.8,19.4,21.2,23.3
108.6,13.8,15.0,16.3,17.8,19.4,21.2,23.3
108.7,13.8,15.0,16.3,17.8,19.4,21.2,23.3
108.8,13.8,15.0,16.3,17.8,19.4,21.2,23.3
108.9,13.8,15.0,16.3,17.8,19.4,21.2,23.3
109.0,14.0,15.1,16.5,17.9,19.6,21.4,23.6
109.1,14.0,15.1,16.5,17.9,19.6,21.4,23.6
109.2,14.0,15.1,16.5,17.9,19.6,21.4,23.6
109.3,14.0,15.1,16.5,17.9,19.6,21.4,23.6
109.4,14.0,15.1,16.5,17.9,19.6,21.4,23.6
109.5,14.1,15.3,16.6,18.1,19.8,21.7,23.8
109.6,14.1,15.3,16.6,18.1,19.8,21.7,23.8
109.7,14.1,15.3,16.6,18.1,19.8,21.7,23.8
109.8,14.1,15.3,16.6,18.1,19.8,21.7,23.8
109.9,14.1,15.3,16.6,18.1,19.8,21.7,23.8
110.0,14.2,15.4,16.8,18.3,20.0,21.9,24.1
110.1,14.2,15.4,16.8,18.3,20.0,21.9,24.1
110.2,14.2,15.4,16.8,18.3,20.0,21.9,24.1
110.3,14.2,15.4,16.8,18.3,20.0,21.9,24.1
110.4,14.2,15.4,16.8,18.3,20.0,21.9,24.1
